<?xml version="1.0" encoding="UTF-8"?>
<!--

    Licensed to the Apache Software Foundation (ASF) under one or more
    contributor license agreements.  See the NOTICE file distributed with
    this work for additional information regarding copyright ownership.
    The ASF licenses this file to You under the Apache License, Version 2.0
    (the "License"); you may not use this file except in compliance with
    the License.  You may obtain a copy of the License at

       http://www.apache.org/licenses/LICENSE-2.0

    Unless required by applicable law or agreed to in writing, software
    distributed under the License is distributed on an "AS IS" BASIS,
    WITHOUT WARRANTIES OR CONDITIONS OF ANY KIND, either express or implied.
    See the License for the specific language governing permissions and
    limitations under the License.

-->
<blueprint xmlns="http://www.osgi.org/xmlns/blueprint/v1.0.0"
           xmlns:jaas="http://karaf.apache.org/xmlns/jaas/v1.0.0"
           xmlns:cm="http://aries.apache.org/blueprint/xmlns/blueprint-cm/v1.1.0"
           xmlns:ext="http://aries.apache.org/blueprint/xmlns/blueprint-ext/v1.0.0">

    <ext:property-placeholder placeholder-prefix="$[" placeholder-suffix="]"/>
    <!-- Support multiple realms : WIA Definitions: 1 -->



    <!-- ===================================================================== -->
    <!--  cpgrp-wia                                                           -->
    <!--  SPN        : HTTP/en-net2-ppp:8082@CPGRP.ROOT.LOCAL                                   -->
    <!--  KeyTab     : /u01/opt/atricore/josso-ee-2.4.2-dev/etc/krb5/keytabs/sso-cpgrp-wia.keytab                           -->
    <!--  Kerberos   : /u01/opt/atricore/josso-ee-2.4.2-dev/etc/krb5/krb5.conf                                      -->
    <!-- ===================================================================== -->

    <jaas:config name="cpgrp-wia">
        <jaas:module className="com.sun.security.auth.module.Krb5LoginModule" flags="required">
            storeKey = true
            debug = true
            useKeyTab = true
            refreshKrb5Config = true
            isInitiator = false
            keyTab = /u01/opt/atricore/josso-ee-2.4.2-dev/etc/krb5/keytabs/sso-cpgrp-wia.keytab
        </jaas:module>
    </jaas:config>

    <bean id="cpgrp-wia-krb" class="org.atricore.idbus.capabilities.spnego.jaas.KerberosServiceInit"
          init-method="init"
          activation="eager">
        <!-- Already available blueprint variable -->
        <property name="bundleContext" ref="blueprintBundleContext"/>

        <property name="principal" value="HTTP/en-net2-ppp:8082@CPGRP.ROOT.LOCAL"/>
        <property name="realm" value="cpgrp-wia"/>
        <property name="keyDistributionCenter" value="frcp00009.cpgrp.root.local"/>
        <property name="kerberosRealm" value="CPGRP.ROOT.LOCAL"/>

        <!-- KeyTab setup -->
        <property name="keyTabResource" value="sso-cpgrp-wia.keytab"/>
        <property name="keyTabRepository" value="/u01/opt/atricore/josso-ee-2.4.2-dev/etc/krb5/keytabs/"/>

        <!-- Kerberos config file-->
        <property name="defaultKrb5Config" value="/u01/opt/atricore/josso-ee-2.4.2-dev/etc/krb5/krb5.conf"/>

        <property name="configureKerberos" value="true"/>
        <property name="authenticatOnInit" value="true"/>

    </bean>

</blueprint>
