<?xml version="1.0" encoding="UTF-8" standalone="yes"?>
<beans xmlns="http://www.springframework.org/schema/beans" xmlns:ns2="http://www.springframework.org/schema/context" xmlns:ns3="http://www.ops4j.org/schema/wicket" xmlns:ns4="http://www.springframework.org/schema/osgi" xmlns:ns5="http://www.springframework.org/schema/osgi-compendium" xmlns:ns6="http://www.springframework.org/schema/util" xmlns:ns7="http://www.springframework.org/schema/tool" xmlns:xsi="http://www.w3.org/2001/XMLSchema-instance" xsi:schemaLocation="http://www.springframework.org/schema/beans http://www.springframework.org/schema/beans/spring-beans-3.1.xsd http://www.springframework.org/schema/context http://www.springframework.org/schema/context/spring-context-3.1.xsd http://www.springframework.org/schema/util http://www.springframework.org/schema/util/spring-util-3.1.xsd http://www.springframework.org/schema/osgi http://www.springframework.org/schema/osgi/spring-osgi.xsd http://www.springframework.org/schema/osgi-compendium http://www.springframework.org/schema/osgi-compendium/spring-osgi-compendium.xsd http://www.ops4j.org/schema/wicket http://www.ops4j.org/schema/wicket/wicket.xsd ">
    <description>ant : IdP Configuration generated by Atricore Identity Bus Server on 6 May 2016 17:35:20 GMT</description>
    <bean class="org.atricore.idbus.kernel.main.mediation.provider.IdentityProviderImpl" name="ant">
        <property name="name">
            <value>ant</value>
        </property>
        <property name="description">
            <value>Accès Antilles</value>
        </property>
        <property name="displayName">
            <value>ant-cos</value>
        </property>
        <property name="role">
            <value>{urn:oasis:names:tc:SAML:2.0:metadata}IDPSSODescriptor</value>
        </property>
        <property name="unitContainer">
            <ref bean="sso-container"/>
        </property>
        <property name="cotManager">
            <ref bean="sso-cot-manager"/>
        </property>
        <property name="stateManager">
            <ref bean="sso-state-manager"/>
        </property>
        <property name="identityConfirmationEnabled">
            <value>false</value>
        </property>
        <property name="identityConfirmationPolicy">
            <value>simple-claim-channel-selection</value>
        </property>
        <property name="defaultFederationService">
            <ref bean="ant-sso-default-svc"/>
        </property>
    </bean>
    <bean class="org.atricore.idbus.capabilities.sso.main.idp.SSOIDPMediator" name="ant-samlr2-mediator">
        <property name="logMessages">
            <value>true</value>
        </property>
        <property name="metricsPrefix">
            <value>sso/ant</value>
        </property>
        <property name="auditingServer">
            <ref bean="auditing-server"/>
        </property>
        <property name="auditCategory">
            <value>com.inspheris.sso.audit.ant</value>
        </property>
        <property name="artifactQueueManager">
            <ref bean="artifactQueueManager"/>
        </property>
        <property name="bindingFactory">
            <bean class="org.atricore.idbus.capabilities.sso.main.binding.SamlR2BindingFactory"/>
        </property>
        <property name="idpSelector">
            <value>http://en-net2-ppp.cpgrp.root.local:8082/IDBUS/SSO/SSO/SELECTOR/IDP</value>
        </property>
        <property name="logger">
            <bean class="org.atricore.idbus.kernel.main.mediation.camel.logging.DefaultMediationLogger" name="ant-mediation-logger">
                <property name="category">
                    <value>com.inspheris.sso.wire.ant</value>
                </property>
                <property name="messageBuilders">
                    <list>
                        <bean class="org.atricore.idbus.capabilities.sso.main.binding.logging.SamlR2LogMessageBuilder"/>
                        <bean class="org.atricore.idbus.capabilities.sso.main.binding.logging.SSOLogMessageBuilder"/>
                        <bean class="org.atricore.idbus.kernel.main.mediation.camel.component.logging.CamelLogMessageBuilder"/>
                        <bean class="org.atricore.idbus.kernel.main.mediation.camel.component.logging.HttpLogMessageBuilder"/>
                    </list>
                </property>
            </bean>
        </property>
        <property name="errorBinding">
            <value>urn:org:atricore:idbus:error:bindings:HTTP-Artifact</value>
        </property>
        <property name="errorUrl">
            <value>http://en-net2-ppp.cpgrp.root.local:8082/IDBUS-UI/SSO/ANT/SSO/ERROR</value>
        </property>
        <property name="warningUrl">
            <value>http://en-net2-ppp.cpgrp.root.local:8082/IDBUS-UI/SSO/ANT/SSO/WARN/POLICY-ENFORCEMENT</value>
        </property>
        <property name="signRequests">
            <value>false</value>
        </property>
        <property name="validateRequestsSignature">
            <value>false</value>
        </property>
        <property name="signer">
            <ref bean="ant-samlr2-signer"/>
        </property>
        <property name="encrypter">
            <ref bean="ant-samlr2-encrypter"/>
        </property>
        <property name="verifyUniqueIDs">
            <value>true</value>
        </property>
        <property name="idRegistry">
            <ref bean="sso-samlr2-idregistry"/>
        </property>
        <property name="identityFlowContainer">
            <ref bean="identity-flow-container"/>
        </property>
        <property name="claimEndpointSelection">
            <value>sso-ant-claim-endpoint-selection</value>
        </property>
        <property name="channelConfigs">
            <map>
                <entry>
                    <key>
                        <value>ant-sso-default-sp-channel</value>
                    </key>
                    <bean class="org.atricore.idbus.capabilities.sso.main.idp.ChannelConfiguration">
                        <constructor-arg type="java.lang.String" index="0">
                            <value/>
                        </constructor-arg>
                        <property name="encryptAssertion">
                            <value>false</value>
                        </property>
                        <property name="encryptAssertionAlgorithm">
                            <value/>
                        </property>
                    </bean>
                </entry>
            </map>
        </property>
    </bean>
    <bean init-method="init" class="org.atricore.idbus.capabilities.sso.support.core.signature.JSR105SamlR2SignerImpl" name="ant-samlr2-signer">
        <description/>
        <property name="keyResolver">
            <bean class="org.atricore.idbus.capabilities.sso.support.core.SSOKeystoreKeyResolver">
                <property name="keystoreType">
                    <value>JKS</value>
                </property>
                <property name="keystoreFile">
                    <value>classpath:com/inspheris/sso/idau/ant/idp1-keystore.jks</value>
                </property>
                <property name="keystorePass">
                    <value>ATRICORE</value>
                </property>
                <property name="privateKeyAlias">
                    <value>josso-sp1</value>
                </property>
                <property name="privateKeyPass">
                    <value>ATRICORE</value>
                </property>
                <property name="certificateAlias">
                    <value>josso-sp1</value>
                </property>
            </bean>
        </property>
    </bean>
    <bean class="org.atricore.idbus.capabilities.sso.support.core.encryption.XmlSecurityEncrypterImpl" name="ant-samlr2-encrypter">
        <property name="symmetricKeyAlgorithmURI">
            <value>http://www.w3.org/2001/04/xmlenc#aes128-cbc</value>
        </property>
        <property name="kekAlgorithmURI">
            <value>http://www.w3.org/2001/04/xmlenc#rsa-1_5</value>
        </property>
        <property name="keyResolver">
            <bean class="org.atricore.idbus.capabilities.sso.support.core.SSOKeystoreKeyResolver">
                <property name="keystoreType">
                    <value>JKS</value>
                </property>
                <property name="keystoreFile">
                    <value>classpath:com/inspheris/sso/idau/ant/idp1-keystore.jks</value>
                </property>
                <property name="keystorePass">
                    <value>ATRICORE</value>
                </property>
                <property name="privateKeyAlias">
                    <value>josso-sp1</value>
                </property>
                <property name="privateKeyPass">
                    <value>ATRICORE</value>
                </property>
                <property name="certificateAlias">
                    <value>josso-sp1</value>
                </property>
            </bean>
        </property>
    </bean>
    <bean class="org.atricore.idbus.capabilities.sso.management.internal.IdentityProviderMBeanImpl" name="ant-mbean">
        <property name="identityProvider">
            <ref bean="ant"/>
        </property>
    </bean>
    <bean class="org.springframework.jmx.export.MBeanExporter" name="ant-mbean-exporter">
        <property name="server">
            <ref bean="mBeanServer"/>
        </property>
        <property name="beans">
            <map>
                <entry value-ref="ant-mbean" key-ref="ant-mbean-key"/>
            </map>
        </property>
    </bean>
    <bean class="java.lang.String" name="ant-mbean-key">
        <constructor-arg type="java.lang.String" index="0">
            <value>com.inspheris.sso.idau:type=IdentityProvider,name=sso.ant</value>
        </constructor-arg>
    </bean>
    <bean class="org.atricore.idbus.kernel.main.session.service.SSOSessionManagerImpl" name="ant-session-manager">
        <property name="maxInactiveInterval">
            <value>30</value>
        </property>
        <property name="maxSessionsPerUser">
            <value>-1</value>
        </property>
        <property name="invalidateExceedingSessions">
            <value>false</value>
        </property>
        <property name="sessionMonitorInterval">
            <value>10000</value>
        </property>
        <property name="sessionIdGenerator">
            <bean class="org.atricore.idbus.kernel.main.session.service.SessionIdGeneratorImpl">
                <property name="algorithm">
                    <value>MD5</value>
                </property>
            </bean>
        </property>
        <property name="sessionStore">
            <bean init-method="init" class="org.atricore.idbus.idojos.ehcachesessionstore.EHCacheSessionStore">
                <property name="cacheManager">
                    <ref bean="sso-cache-manager"/>
                </property>
                <property name="cacheName">
                    <value>sso-ant-sessionsCache</value>
                </property>
                <property name="listeners">
                    <list>
                        <ref bean="ant-session-manager-monitor"/>
                        <ref bean="ant-session-manager-stats"/>
                    </list>
                </property>
            </bean>
        </property>
        <property name="stats">
            <ref bean="ant-session-manager-stats"/>
        </property>
        <property name="monitor">
            <ref bean="ant-session-manager-monitor"/>
        </property>
        <property name="auditingServer">
            <ref bean="auditing-server"/>
        </property>
        <property name="auditCategory">
            <value>com.inspheris.sso.audit.ant</value>
        </property>
    </bean>
    <bean class="org.atricore.idbus.idojos.ehcachesessionstore.EHCacheSessionMonitor" name="ant-session-manager-monitor">
        <property name="cacheName">
            <value>sso-ant-sessionsCache</value>
        </property>
        <property name="manager">
            <ref bean="ant-session-manager"/>
        </property>
    </bean>
    <bean class="org.atricore.idbus.idojos.ehcachesessionstore.EHCacheSessionStatistics" name="ant-session-manager-stats">
        <property name="cacheName">
            <value>sso-ant-sessionsCache</value>
        </property>
        <property name="metricsPrefix">
            <value>sso/ant</value>
        </property>
        <property name="monitoringServer">
            <ref bean="monitoring-server"/>
        </property>
    </bean>
    <bean class="org.atricore.idbus.capabilities.sso.component.builtin.SimpleClaimEndpointSelection" name="sso-ant-claim-endpoint-selection">
        <constructor-arg type="java.lang.String" index="0">
            <value>sso-ant-claim-endpoint-selection</value>
        </constructor-arg>
        <constructor-arg type="int" index="1">
            <value>50</value>
        </constructor-arg>
    </bean>
    <bean class="org.atricore.idbus.capabilities.sso.component.builtin.SimpleIdentityConfirmationEndpointSelection" name="sso-ant-identity-confirmation-endpoint-selection">
        <constructor-arg type="java.lang.String" index="0">
            <value>sso-ant-identity-confirmation-endpoint-selection</value>
        </constructor-arg>
        <constructor-arg type="int" index="1">
            <value>0</value>
        </constructor-arg>
    </bean>
    <bean class="org.atricore.idbus.kernel.main.mediation.provider.FederationServiceImpl" name="ant-sso-default-svc">
        <property name="serviceType">
            <value>urn:oasis:names:tc:SAML:2.0</value>
        </property>
        <property name="name">
            <value>ant-sso-default-svc</value>
        </property>
        <property name="channel">
            <ref bean="ant-sso-default-sp-channel"/>
        </property>
    </bean>
    <bean class="org.atricore.idbus.kernel.main.federation.metadata.ResourceCircleOfTrustMemberDescriptorImpl" name="ant-md">
        <property name="id">
            <value>B9VB9Yp42+u98z7Fy2doUit0F9I=</value>
        </property>
        <property name="alias">
            <value>http://en-net2-ppp.cpgrp.root.local:8082/IDBUS/SSO/ANT/SAML2/MD</value>
        </property>
        <property name="resource">
            <value>classpath:com/inspheris/sso/idau/ant/ant-samlr2-metadata.xml</value>
        </property>
        <property name="metadataIntrospector">
            <bean class="org.atricore.idbus.capabilities.sso.main.SamlR2MetadataDefinitionIntrospector"/>
        </property>
    </bean>
    <bean class="org.atricore.idbus.kernel.main.mediation.channel.SPChannelImpl" name="ant-sso-default-sp-channel">
        <property name="attributeProfile">
            <value>basic-built-in</value>
        </property>
        <property name="name">
            <value>ant-sso-default-sp-channel</value>
        </property>
        <property name="description">
            <value>ant</value>
        </property>
        <property name="location">
            <value>http://en-net2-ppp.cpgrp.root.local:8082/IDBUS/SSO/ANT</value>
        </property>
        <property name="federatedProvider">
            <ref bean="ant"/>
        </property>
        <property name="trustedProviders">
            <set>
                <ref bean="sp1"/>
            </set>
        </property>
        <property name="sessionManager">
            <ref bean="ant-session-manager"/>
        </property>
        <property name="member">
            <ref bean="ant-md"/>
        </property>
        <property name="identityMediator">
            <ref bean="ant-samlr2-mediator"/>
        </property>
        <property name="endpoints">
            <list>
                <bean class="org.atricore.idbus.kernel.main.mediation.endpoint.IdentityMediationEndpointImpl" name="ant-sso-default-sp-channel-saml2-slo-http-artifact">
                    <property name="name">
                        <value>ant-sso-default-sp-channel-saml2-slo-http-artifact</value>
                    </property>
                    <property name="type">
                        <value>{urn:oasis:names:tc:SAML:2.0:metadata}SingleLogoutService</value>
                    </property>
                    <property name="binding">
                        <value>urn:oasis:names:tc:SAML:2.0:bindings:HTTP-Artifact</value>
                    </property>
                    <property name="identityPlans">
                        <list>
                            <ref bean="ant-sso-default-sp-channel-samlr2sloreq-to-samlr2resp-plan"/>
                            <ref bean="ant-sso-default-sp-channel-samlr2sloreq-to-samlr2spsloreq-plan"/>
                        </list>
                    </property>
                </bean>
                <bean class="org.atricore.idbus.kernel.main.mediation.endpoint.IdentityMediationEndpointImpl" name="ant-sso-default-sp-channel-saml2-slo-http-redirect">
                    <property name="name">
                        <value>ant-sso-default-sp-channel-saml2-slo-http-redirect</value>
                    </property>
                    <property name="type">
                        <value>{urn:oasis:names:tc:SAML:2.0:metadata}SingleLogoutService</value>
                    </property>
                    <property name="binding">
                        <value>urn:oasis:names:tc:SAML:2.0:bindings:HTTP-Redirect</value>
                    </property>
                    <property name="identityPlans">
                        <list>
                            <ref bean="ant-sso-default-sp-channel-samlr2sloreq-to-samlr2resp-plan"/>
                            <ref bean="ant-sso-default-sp-channel-samlr2sloreq-to-samlr2spsloreq-plan"/>
                        </list>
                    </property>
                </bean>
                <bean class="org.atricore.idbus.kernel.main.mediation.endpoint.IdentityMediationEndpointImpl" name="ant-sso-default-sp-channel-saml2-slo-soap">
                    <property name="name">
                        <value>ant-sso-default-sp-channel-saml2-slo-soap</value>
                    </property>
                    <property name="type">
                        <value>{urn:oasis:names:tc:SAML:2.0:metadata}SingleLogoutService</value>
                    </property>
                    <property name="binding">
                        <value>urn:oasis:names:tc:SAML:2.0:bindings:SOAP</value>
                    </property>
                    <property name="identityPlans">
                        <list>
                            <ref bean="ant-sso-default-sp-channel-samlr2sloreq-to-samlr2resp-plan"/>
                            <ref bean="ant-sso-default-sp-channel-samlr2sloreq-to-samlr2spsloreq-plan"/>
                        </list>
                    </property>
                </bean>
                <bean class="org.atricore.idbus.kernel.main.mediation.endpoint.IdentityMediationEndpointImpl" name="ant-sso-default-sp-channel-saml2-slo-local">
                    <property name="name">
                        <value>ant-sso-default-sp-channel-saml2-slo-local</value>
                    </property>
                    <property name="type">
                        <value>{urn:oasis:names:tc:SAML:2.0:metadata}SingleLogoutService</value>
                    </property>
                    <property name="binding">
                        <value>urn:oasis:names:tc:SAML:2.0:bindings:LOCAL</value>
                    </property>
                    <property name="location">
                        <value>local://SSO/ANT/SAML2/SLO/LOCAL</value>
                    </property>
                    <property name="identityPlans">
                        <list>
                            <ref bean="ant-sso-default-sp-channel-samlr2sloreq-to-samlr2resp-plan"/>
                            <ref bean="ant-sso-default-sp-channel-samlr2sloreq-to-samlr2spsloreq-plan"/>
                        </list>
                    </property>
                </bean>
                <bean class="org.atricore.idbus.kernel.main.mediation.endpoint.IdentityMediationEndpointImpl" name="ant-sso-default-sp-channel-saml2-sso-http-artifact">
                    <property name="name">
                        <value>ant-sso-default-sp-channel-saml2-sso-http-artifact</value>
                    </property>
                    <property name="type">
                        <value>{urn:oasis:names:tc:SAML:2.0:metadata}SingleSignOnService</value>
                    </property>
                    <property name="binding">
                        <value>urn:oasis:names:tc:SAML:2.0:bindings:HTTP-Artifact</value>
                    </property>
                    <property name="identityPlans">
                        <list>
                            <ref bean="ant-sso-default-sp-channel-samlr2authnreq-to-samlr2resp-plan"/>
                            <ref bean="ant-sso-default-sp-channel-samlr2authnstmt-to-samlr2assertion-plan"/>
                        </list>
                    </property>
                </bean>
                <bean class="org.atricore.idbus.kernel.main.mediation.endpoint.IdentityMediationEndpointImpl" name="ant-sso-default-sp-channel-saml2-sso-http-redirect">
                    <property name="name">
                        <value>ant-sso-default-sp-channel-saml2-sso-http-redirect</value>
                    </property>
                    <property name="type">
                        <value>{urn:oasis:names:tc:SAML:2.0:metadata}SingleSignOnService</value>
                    </property>
                    <property name="binding">
                        <value>urn:oasis:names:tc:SAML:2.0:bindings:HTTP-Redirect</value>
                    </property>
                    <property name="identityPlans">
                        <list>
                            <ref bean="ant-sso-default-sp-channel-samlr2authnreq-to-samlr2resp-plan"/>
                            <ref bean="ant-sso-default-sp-channel-samlr2authnstmt-to-samlr2assertion-plan"/>
                        </list>
                    </property>
                </bean>
                <bean class="org.atricore.idbus.kernel.main.mediation.endpoint.IdentityMediationEndpointImpl" name="ant-sso-default-sp-channel-saml2-ar-soap">
                    <property name="name">
                        <value>ant-sso-default-sp-channel-saml2-ar-soap</value>
                    </property>
                    <property name="type">
                        <value>{urn:oasis:names:tc:SAML:2.0:metadata}ArtifactResolutionService</value>
                    </property>
                    <property name="binding">
                        <value>urn:oasis:names:tc:SAML:2.0:bindings:SOAP</value>
                    </property>
                    <property name="identityPlans">
                        <list>
                            <ref bean="ant-sso-default-sp-channel-samlr2artresolve-to-samlr2artresponse-plan"/>
                            <ref bean="ant-sso-default-sp-channel-samlr2art-to-samlr2artresolve-plan"/>
                        </list>
                    </property>
                </bean>
                <bean class="org.atricore.idbus.kernel.main.mediation.endpoint.IdentityMediationEndpointImpl" name="ant-sso-default-sp-channel-saml2-ar-local">
                    <property name="name">
                        <value>ant-sso-default-sp-channel-saml2-ar-local</value>
                    </property>
                    <property name="type">
                        <value>{urn:oasis:names:tc:SAML:2.0:metadata}ArtifactResolutionService</value>
                    </property>
                    <property name="binding">
                        <value>urn:oasis:names:tc:SAML:2.0:bindings:LOCAL</value>
                    </property>
                    <property name="identityPlans">
                        <list>
                            <ref bean="ant-sso-default-sp-channel-samlr2artresolve-to-samlr2artresponse-plan"/>
                            <ref bean="ant-sso-default-sp-channel-samlr2art-to-samlr2artresolve-plan"/>
                        </list>
                    </property>
                </bean>
                <bean class="org.atricore.idbus.kernel.main.mediation.endpoint.IdentityMediationEndpointImpl" name="ant-sso-default-sp-channel-saml11-ar-soap">
                    <property name="name">
                        <value>ant-sso-default-sp-channel-saml11-ar-soap</value>
                    </property>
                    <property name="type">
                        <value>{urn:oasis:names:tc:SAML:2.0:metadata}ArtifactResolutionService</value>
                    </property>
                    <property name="binding">
                        <value>urn:oasis:names:tc:SAML:1.1:bindings:SOAP</value>
                    </property>
                    <property name="identityPlans">
                        <list>
                            <ref bean="ant-sso-default-sp-channel-samlr2artresolve-to-samlr2artresponse-plan"/>
                            <ref bean="ant-sso-default-sp-channel-samlr2art-to-samlr2artresolve-plan"/>
                        </list>
                    </property>
                </bean>
                <bean class="org.atricore.idbus.kernel.main.mediation.endpoint.IdentityMediationEndpointImpl" name="ant-sso-default-sp-channel-sso-idpselcback-art">
                    <property name="name">
                        <value>ant-sso-default-sp-channel-sso-idpselcback-art</value>
                    </property>
                    <property name="type">
                        <value>{urn:org:atricore:idbus:sso:metadata}IdPSelectorCallbackService</value>
                    </property>
                    <property name="binding">
                        <value>urn:org:atricore:idbus:sso:bindings:HTTP-Artifact</value>
                    </property>
                    <property name="location">
                        <value>/IDPSELCBACK/ARTIFACT</value>
                    </property>
                </bean>
                <bean class="org.atricore.idbus.kernel.main.mediation.endpoint.IdentityMediationEndpointImpl" name="ant-sso-default-sp-channel-idp-initiated-saml2">
                    <property name="name">
                        <value>ant-sso-default-sp-channel-idp-initiated-saml2</value>
                    </property>
                    <property name="type">
                        <value>{urn:oasis:names:tc:SAML:2.0:metadata}SingleSignOnService</value>
                    </property>
                    <property name="binding">
                        <value>urn:org:atricore:idbus:sso:bindings:SAML:1:1:IDP-Initiated-SSO-http</value>
                    </property>
                    <property name="location">
                        <value>/SAML11/SSO/IDP_INITIATE</value>
                    </property>
                    <property name="identityPlans">
                        <list>
                            <ref bean="ant-sso-default-sp-channel-samlr2idpinitiatedauthnreq-to-samlr2authnreq-plan"/>
                        </list>
                    </property>
                </bean>
                <bean class="org.atricore.idbus.kernel.main.mediation.endpoint.IdentityMediationEndpointImpl" name="ant-sso-default-sp-channel-idp-initiated-saml11">
                    <property name="name">
                        <value>ant-sso-default-sp-channel-idp-initiated-saml11</value>
                    </property>
                    <property name="type">
                        <value>{urn:oasis:names:tc:SAML:2.0:metadata}SingleSignOnService</value>
                    </property>
                    <property name="binding">
                        <value>urn:org:atricore:idbus:sso:bindings:SAML:2:0:IDP-Initiated-SSO-http</value>
                    </property>
                    <property name="location">
                        <value>/SAML2/SSO/IDP_INITIATE</value>
                    </property>
                    <property name="identityPlans">
                        <list>
                            <ref bean="ant-sso-default-sp-channel-samlr2idpinitiatedauthnreq-to-samlr2authnreq-plan"/>
                        </list>
                    </property>
                </bean>
                <bean class="org.atricore.idbus.kernel.main.mediation.endpoint.IdentityMediationEndpointImpl" name="ant-sso-default-sp-channel-sso-shb-soap">
                    <property name="name">
                        <value>ant-sso-default-sp-channel-sso-shb-soap</value>
                    </property>
                    <property name="type">
                        <value>{urn:org:atricore:idbus:sso:metadata}IDPSessionHeartBeatService</value>
                    </property>
                    <property name="binding">
                        <value>urn:org:atricore:idbus:sso:bindings:SOAP</value>
                    </property>
                    <property name="location">
                        <value>/SSO/SSHB/SOAP</value>
                    </property>
                </bean>
                <bean class="org.atricore.idbus.kernel.main.mediation.endpoint.IdentityMediationEndpointImpl" name="ant-sso-default-sp-channel-sso-shb-local">
                    <property name="name">
                        <value>ant-sso-default-sp-channel-sso-shb-local</value>
                    </property>
                    <property name="type">
                        <value>{urn:org:atricore:idbus:sso:metadata}IDPSessionHeartBeatService</value>
                    </property>
                    <property name="binding">
                        <value>urn:org:atricore:idbus:sso:bindings:LOCAL</value>
                    </property>
                    <property name="location">
                        <value>local://SSO/ANT/SSO/SSHB/LOCAL</value>
                    </property>
                </bean>
                <bean class="org.atricore.idbus.kernel.main.mediation.endpoint.IdentityMediationEndpointImpl" name="ant-sso-default-sp-channel-sso-sso-http-artifact">
                    <property name="name">
                        <value>ant-sso-default-sp-channel-sso-sso-http-artifact</value>
                    </property>
                    <property name="type">
                        <value>{urn:oasis:names:tc:SAML:2.0:metadata}SingleSignOnService</value>
                    </property>
                    <property name="binding">
                        <value>urn:org:atricore:idbus:sso:bindings:HTTP-Artifact</value>
                    </property>
                    <property name="location">
                        <value>/SSO/SSO/ARTIFACT</value>
                    </property>
                    <property name="identityPlans">
                        <list>
                            <ref bean="ant-sso-default-sp-channel-samlr2authnreq-to-samlr2resp-plan"/>
                            <ref bean="ant-sso-default-sp-channel-samlr2authnstmt-to-samlr2assertion-plan"/>
                        </list>
                    </property>
                </bean>
                <bean class="org.atricore.idbus.kernel.main.mediation.endpoint.IdentityMediationEndpointImpl" name="ant-sso-default-sp-channel-sso-slo-soap">
                    <property name="name">
                        <value>ant-sso-default-sp-channel-sso-slo-soap</value>
                    </property>
                    <property name="type">
                        <value>{urn:oasis:names:tc:SAML:2.0:metadata}SingleLogoutService</value>
                    </property>
                    <property name="binding">
                        <value>urn:org:atricore:idbus:sso:bindings:SOAP</value>
                    </property>
                    <property name="location">
                        <value>/SSO/SLO/SOAP</value>
                    </property>
                    <property name="identityPlans">
                        <list>
                            <ref bean="ant-sso-default-sp-channel-samlr2sloreq-to-samlr2spsloreq-plan"/>
                            <ref bean="ant-sso-default-sp-channel-samlr2sloreq-to-samlr2spsloreq-plan"/>
                        </list>
                    </property>
                </bean>
                <bean class="org.atricore.idbus.kernel.main.mediation.endpoint.IdentityMediationEndpointImpl" name="ant-sso-default-sp-channel-sso-slo-local">
                    <property name="name">
                        <value>ant-sso-default-sp-channel-sso-slo-local</value>
                    </property>
                    <property name="type">
                        <value>{urn:oasis:names:tc:SAML:2.0:metadata}SingleLogoutService</value>
                    </property>
                    <property name="binding">
                        <value>urn:org:atricore:idbus:sso:bindings:LOCAL</value>
                    </property>
                    <property name="location">
                        <value>local://SSO/ANT/SSO/SLO/LOCAL</value>
                    </property>
                    <property name="identityPlans">
                        <list>
                            <ref bean="ant-sso-default-sp-channel-samlr2sloreq-to-samlr2resp-plan"/>
                            <ref bean="ant-sso-default-sp-channel-samlr2sloreq-to-samlr2spsloreq-plan"/>
                        </list>
                    </property>
                </bean>
                <bean class="org.atricore.idbus.kernel.main.mediation.endpoint.IdentityMediationEndpointImpl" name="ant-sso-default-sp-channel-sso-slo-art">
                    <property name="name">
                        <value>ant-sso-default-sp-channel-sso-slo-art</value>
                    </property>
                    <property name="type">
                        <value>{urn:oasis:names:tc:SAML:2.0:metadata}SingleLogoutService</value>
                    </property>
                    <property name="binding">
                        <value>urn:org:atricore:idbus:sso:bindings:HTTP-Artifact</value>
                    </property>
                    <property name="location">
                        <value>/SSO/SLO/ARTIFACT</value>
                    </property>
                    <property name="identityPlans">
                        <list>
                            <ref bean="ant-sso-default-sp-channel-samlr2sloreq-to-samlr2resp-plan"/>
                            <ref bean="ant-sso-default-sp-channel-samlr2sloreq-to-samlr2spsloreq-plan"/>
                        </list>
                    </property>
                </bean>
                <bean class="org.atricore.idbus.kernel.main.mediation.endpoint.IdentityMediationEndpointImpl" name="ant-sso-default-sp-channel-sso-idpinitslo-http-redirect">
                    <property name="name">
                        <value>ant-sso-default-sp-channel-sso-idpinitslo-http-redirect</value>
                    </property>
                    <property name="type">
                        <value>{urn:org:atricore:idbus:sso:metadata}IDPInitiatedSingleLogoutService</value>
                    </property>
                    <property name="binding">
                        <value>urn:org:atricore:idbus:sso:bindings:HTTP-Redirect</value>
                    </property>
                    <property name="location">
                        <value>/SSO/SLO/IDP_INITIATE/REDIR</value>
                    </property>
                    <property name="identityPlans">
                        <list>
                            <ref bean="ant-sso-default-sp-channel-samlr2sloreq-to-samlr2resp-plan"/>
                            <ref bean="ant-sso-default-sp-channel-samlr2sloreq-to-samlr2spsloreq-plan"/>
                        </list>
                    </property>
                </bean>
            </list>
        </property>
        <property name="identityManager">
            <ref bean="ant-identity-manager"/>
        </property>
        <property name="claimProviders">
            <list>
                <ref bean="ant-basic-authn-claim-channel"/>
            </list>
        </property>
        <property name="securityTokenService">
            <ref bean="ant-sts"/>
        </property>
    </bean>
    <bean class="org.atricore.idbus.capabilities.sso.main.idp.plans.SamlR2SloRequestToSamlR2RespPlan" name="ant-sso-default-sp-channel-samlr2sloreq-to-samlr2resp-plan">
        <property name="bpmsManager">
            <ref bean="bpms-manager"/>
        </property>
    </bean>
    <bean class="org.atricore.idbus.capabilities.sso.main.idp.plans.SamlR2SloRequestToSpSamlR2SloRequestPlan" name="ant-sso-default-sp-channel-samlr2sloreq-to-samlr2spsloreq-plan">
        <property name="bpmsManager">
            <ref bean="bpms-manager"/>
        </property>
    </bean>
    <bean class="org.atricore.idbus.capabilities.sso.main.idp.plans.SamlR2AuthnRequestToSamlR2ResponsePlan" name="ant-sso-default-sp-channel-samlr2authnreq-to-samlr2resp-plan">
        <property name="bpmsManager">
            <ref bean="bpms-manager"/>
        </property>
    </bean>
    <bean class="org.atricore.idbus.capabilities.sso.main.emitter.plans.SamlR2SecurityTokenToAuthnAssertionPlan" name="ant-sso-default-sp-channel-samlr2authnstmt-to-samlr2assertion-plan">
        <property name="bpmsManager">
            <ref bean="bpms-manager"/>
        </property>
        <property name="identityManager">
            <ref bean="ant-identity-manager"/>
        </property>
        <property name="nameIDBuilders">
            <list>
                <bean class="org.atricore.idbus.capabilities.sso.main.emitter.plans.UnspecifiedNameIDBuiler"/>
                <bean class="org.atricore.idbus.capabilities.sso.main.emitter.plans.EmailNameIDBuilder"/>
                <bean class="org.atricore.idbus.capabilities.sso.main.emitter.plans.UnspecifiedNameIDBuiler"/>
            </list>
        </property>
        <property name="defaultNameIDBuilder">
            <bean class="org.atricore.idbus.capabilities.sso.main.emitter.plans.UnspecifiedNameIDBuiler"/>
        </property>
        <property name="ignoreRequestedNameIDPolicy">
            <value>true</value>
        </property>
    </bean>
    <bean class="org.atricore.idbus.capabilities.sso.main.binding.plans.SamlR2ArtifactResolveToSamlR2ArtifactResponsePlan" name="ant-sso-default-sp-channel-samlr2artresolve-to-samlr2artresponse-plan">
        <property name="bpmsManager">
            <ref bean="bpms-manager"/>
        </property>
    </bean>
    <bean class="org.atricore.idbus.capabilities.sso.main.binding.plans.SamlR2ArtifactToSamlR2ArtifactResolvePlan" name="ant-sso-default-sp-channel-samlr2art-to-samlr2artresolve-plan">
        <property name="bpmsManager">
            <ref bean="bpms-manager"/>
        </property>
    </bean>
    <bean class="org.atricore.idbus.capabilities.sso.main.idp.plans.IDPInitiatedAuthnReqToSamlR2AuthnReqPlan" name="ant-sso-default-sp-channel-samlr2idpinitiatedauthnreq-to-samlr2authnreq-plan">
        <property name="bpmsManager">
            <ref bean="bpms-manager"/>
        </property>
    </bean>
    <bean class="org.atricore.idbus.kernel.main.mediation.claim.ClaimChannelImpl" name="ant-basic-authn-claim-channel">
        <property name="priority">
            <value>2</value>
        </property>
        <property name="name">
            <value>ant-basic-authn-claim-channel</value>
        </property>
        <property name="location">
            <value>http://en-net2-ppp.cpgrp.root.local:8082/IDBUS/SSO/ANT/CC/BASIC</value>
        </property>
        <property name="endpoints">
            <list>
                <bean class="org.atricore.idbus.kernel.main.mediation.endpoint.IdentityMediationEndpointImpl" name="ant-basic-authn-claim-channel-cc-pwd-artifact">
                    <property name="name">
                        <value>ant-basic-authn-claim-channel-cc-pwd-artifact</value>
                    </property>
                    <property name="binding">
                        <value>urn:org:atricore:idbus:sso:bindings:HTTP-Artifact</value>
                    </property>
                    <property name="location">
                        <value>/PWD/ARTIFACT</value>
                    </property>
                    <property name="responseLocation">
                        <value>/PWD/POST-RESP</value>
                    </property>
                    <property name="type">
                        <value>urn:oasis:names:tc:SAML:2.0:ac:classes:Password</value>
                    </property>
                </bean>
                <bean class="org.atricore.idbus.kernel.main.mediation.endpoint.IdentityMediationEndpointImpl" name="ant-basic-authn-claim-channel-cc-pwd-post">
                    <property name="name">
                        <value>ant-basic-authn-claim-channel-cc-pwd-post</value>
                    </property>
                    <property name="binding">
                        <value>urn:org:atricore:idbus:sso:bindings:HTTP-POST</value>
                    </property>
                    <property name="location">
                        <value>/PWD/POST</value>
                    </property>
                    <property name="type">
                        <value>urn:oasis:names:tc:SAML:2.0:ac:classes:Password</value>
                    </property>
                </bean>
                <bean class="org.atricore.idbus.kernel.main.mediation.endpoint.IdentityMediationEndpointImpl" name="ant-basic-authn-claim-channel-cc-sppwd-local">
                    <property name="name">
                        <value>ant-basic-authn-claim-channel-cc-sppwd-local</value>
                    </property>
                    <property name="binding">
                        <value>urn:org:atricore:idbus:sso:bindings:LOCAL</value>
                    </property>
                    <property name="location">
                        <value>local://SSO/ANT-BASIC-AUTHN-CLAIM-CHANNEL/CC/SPPWD/LOCAL</value>
                    </property>
                    <property name="type">
                        <value>urn:org:atricore:idbus:SAML:2.0:ac:classes:SpSecurePassword</value>
                    </property>
                </bean>
            </list>
        </property>
        <property name="identityMediator">
            <ref bean="ant-basic-authn-claim-channel-claim-mediator"/>
        </property>
        <property name="federatedProvider">
            <ref bean="ant"/>
        </property>
        <property name="unitContainer">
            <ref bean="sso-container"/>
        </property>
    </bean>
    <bean class="org.atricore.idbus.capabilities.sso.main.claims.SSOClaimsMediator" name="ant-basic-authn-claim-channel-claim-mediator">
        <property name="logMessages">
            <value>true</value>
        </property>
        <property name="basicAuthnUILocation">
            <value>/IDBUS-UI/SSO/ANT/SSO/LOGIN/SIMPLE</value>
        </property>
        <property name="basicAuthnCtxClass">
            <value/>
        </property>
        <property name="artifactQueueManager">
            <ref bean="artifactQueueManager"/>
        </property>
        <property name="bindingFactory">
            <bean class="org.atricore.idbus.capabilities.sso.main.binding.SamlR2BindingFactory"/>
        </property>
        <property name="logger">
            <bean class="org.atricore.idbus.kernel.main.mediation.camel.logging.DefaultMediationLogger" name="ant-basic-authn-claim-channel-mediation-logger">
                <property name="category">
                    <value>com.inspheris.sso.wire.ant-basic-authn-claim-channel</value>
                </property>
                <property name="messageBuilders">
                    <list>
                        <bean class="org.atricore.idbus.capabilities.sso.main.binding.logging.SamlR2LogMessageBuilder"/>
                        <bean class="org.atricore.idbus.kernel.main.mediation.camel.component.logging.CamelLogMessageBuilder"/>
                        <bean class="org.atricore.idbus.kernel.main.mediation.camel.component.logging.HttpLogMessageBuilder"/>
                    </list>
                </property>
            </bean>
        </property>
        <property name="errorUrl">
            <value>http://en-net2-ppp.cpgrp.root.local:8082/IDBUS-UI/SSO/ANT/SSO/ERROR</value>
        </property>
        <property name="warningUrl">
            <value>http://en-net2-ppp.cpgrp.root.local:8082/IDBUS-UI/SSO/ANT/SSO/WARN/POLICY-ENFORCEMENT</value>
        </property>
        <property name="provisioningTarget">
            <ref bean="ant-basic-authn-claim-channel-claim-mediator-provisioning-target"/>
        </property>
    </bean>
    <bean class="org.atricore.idbus.kernel.main.mediation.camel.logging.DefaultMediationLogger" name="ant-basic-authn-claim-channel-mediation-logger">
        <property name="category">
            <value>com.inspheris.sso.wire.ant-basic-authn-claim-channel</value>
        </property>
        <property name="messageBuilders">
            <list>
                <bean class="org.atricore.idbus.capabilities.sso.main.binding.logging.SamlR2LogMessageBuilder"/>
                <bean class="org.atricore.idbus.kernel.main.mediation.camel.component.logging.CamelLogMessageBuilder"/>
                <bean class="org.atricore.idbus.kernel.main.mediation.camel.component.logging.HttpLogMessageBuilder"/>
            </list>
        </property>
    </bean>
    <ns4:reference cardinality="1..1" interface="org.atricore.idbus.kernel.main.provisioning.spi.ProvisioningTarget" id="ant-basic-authn-claim-channel-claim-mediator-provisioning-target"/>
    <bean class="org.atricore.idbus.capabilities.sts.main.WSTSecurityTokenService" name="ant-sts">
        <property name="name">
            <value>ant-sts</value>
        </property>
        <property name="emitters">
            <list>
                <bean class="org.atricore.idbus.capabilities.sso.main.emitter.SamlR2SecurityTokenEmitter" name="ant-samlr2-assertion-emitter">
                    <property name="id">
                        <value>ant-samlr2-assertion-emitter</value>
                    </property>
                    <property name="identityPlanRegistry">
                        <ref bean="identity-plans-registry"/>
                    </property>
                    <property name="signer">
                        <ref bean="ant-samlr2-signer"/>
                    </property>
                    <property name="encrypter">
                        <ref bean="ant-samlr2-encrypter"/>
                    </property>
                </bean>
            </list>
        </property>
        <property name="provisioningTarget">
            <ref bean="ant-sts-provisioning-target"/>
        </property>
        <property name="artifactQueueManager">
            <ref bean="artifactQueueManager"/>
        </property>
        <property name="authenticators">
            <list>
                <bean class="org.atricore.idbus.capabilities.sts.main.authenticators.PassthroughSecurityTokenAuthenticator"/>
                <bean class="org.atricore.idbus.capabilities.sts.main.authenticators.BasicSecurityTokenAuthenticator">
                    <property name="authenticator">
                        <ref bean="ant-legacy-authenticator"/>
                    </property>
                </bean>
            </list>
        </property>
        <property name="identityManager">
            <ref bean="ant-identity-manager"/>
        </property>
    </bean>
    <bean class="org.atricore.idbus.capabilities.sso.main.emitter.SamlR2SecurityTokenEmitter" name="ant-samlr2-assertion-emitter">
        <property name="id">
            <value>ant-samlr2-assertion-emitter</value>
        </property>
        <property name="identityPlanRegistry">
            <ref bean="identity-plans-registry"/>
        </property>
        <property name="signer">
            <ref bean="ant-samlr2-signer"/>
        </property>
        <property name="encrypter">
            <ref bean="ant-samlr2-encrypter"/>
        </property>
    </bean>
    <bean class="org.atricore.idbus.kernel.main.authn.AuthenticatorImpl" name="ant-legacy-authenticator">
        <property name="authenticationSchemes">
            <list>
                <ref bean="ant-ant-ad-bind-authn"/>
            </list>
        </property>
    </bean>
    <ns4:reference cardinality="1..1" interface="org.atricore.idbus.kernel.main.provisioning.spi.ProvisioningTarget" id="ant-sts-provisioning-target"/>
    <bean class="org.atricore.idbus.idojos.ldapidentitystore.LDAPBindIdentityStore" name="ant-ant-ad-bind-authn-credential-store">
        <property name="initialContextFactory">
            <value>com.sun.jndi.ldap.LdapCtxFactory</value>
        </property>
        <property name="providerUrl">
            <value>ldap://ANT01PR003731.ant.cos.corp:389</value>
        </property>
        <property name="securityAuthentication">
            <value>simple</value>
        </property>
        <property name="validateBindWithSearch">
            <value>true</value>
        </property>
        <property name="passwordPolicySupport">
            <value>false</value>
        </property>
        <property name="usersCtxDN">
            <value>OU=Users-Accounts,DC=ant,DC=cos,DC=corp</value>
        </property>
        <property name="principalUidAttributeID">
            <value>sAMAccountName</value>
        </property>
        <property name="securityPrincipal">
            <value>COS\SRV-ENNET-LDAP</value>
        </property>
        <property name="securityCredential">
            <value>c@N@lplu$</value>
        </property>
        <property name="ldapSearchScope">
            <value>subtree</value>
        </property>
        <property name="includeOperationalAttributes">
            <value>false</value>
        </property>
        <property name="referrals">
            <value/>
        </property>
    </bean>
    <bean class="org.atricore.idbus.kernel.main.authn.scheme.BindUsernamePasswordAuthScheme" name="ant-ant-ad-bind-authn">
        <property name="priority">
            <value>2</value>
        </property>
        <property name="name">
            <value>basic-authentication</value>
        </property>
        <property name="credentialStore">
            <ref bean="ant-ant-ad-bind-authn-credential-store"/>
        </property>
    </bean>
    <bean class="org.atricore.idbus.kernel.main.store.SSOIdentityManagerImpl" name="ant-identity-manager">
        <property name="identityStore">
            <ref bean="ant-users-identity-store"/>
        </property>
        <property name="identityStoreKeyAdapter">
            <bean class="org.atricore.idbus.kernel.main.store.identity.SimpleIdentityStoreKeyAdapter"/>
        </property>
        <property name="monitoringServer">
            <ref bean="monitoring-server"/>
        </property>
        <property name="metricPrefix">
            <value>sso/ant-users</value>
        </property>
    </bean>
    <bean class="org.atricore.idbus.capabilities.sso.main.idp.IdPSessionEventListener" name="ant-session-listener">
        <property name="identityProvider">
            <ref bean="ant"/>
        </property>
    </bean>
    <ns4:service ref="ant-session-listener" interface="org.atricore.idbus.kernel.main.session.SSOSessionEventListener" id="ant-session-listener-exporter"/>
</beans>
