<?xml version="1.0" encoding="UTF-8" standalone="yes"?>
<beans xmlns="http://www.springframework.org/schema/beans" xmlns:ns2="http://www.springframework.org/schema/context" xmlns:ns3="http://www.ops4j.org/schema/wicket" xmlns:ns4="http://www.springframework.org/schema/osgi" xmlns:ns5="http://www.springframework.org/schema/osgi-compendium" xmlns:ns6="http://www.springframework.org/schema/util" xmlns:ns7="http://www.springframework.org/schema/tool" xmlns:xsi="http://www.w3.org/2001/XMLSchema-instance" xsi:schemaLocation="http://www.springframework.org/schema/beans http://www.springframework.org/schema/beans/spring-beans-3.1.xsd http://www.springframework.org/schema/context http://www.springframework.org/schema/context/spring-context-3.1.xsd http://www.springframework.org/schema/util http://www.springframework.org/schema/util/spring-util-3.1.xsd http://www.springframework.org/schema/osgi http://www.springframework.org/schema/osgi/spring-osgi.xsd http://www.springframework.org/schema/osgi-compendium http://www.springframework.org/schema/osgi-compendium/spring-osgi-compendium.xsd http://www.ops4j.org/schema/wicket http://www.ops4j.org/schema/wicket/wicket.xsd ">
    <description>sso UI : IdAU Configuration generated by Atricore Console on 6 May 2016 17:35:17 GMT</description>
    <ns3:application injectionSource="spring" mountPoint="IDBUS-UI/SSO/SSO" applicationName="sso-sso-ui" class="org.atricore.idbus.capabilities.sso.ui.internal.SSOUIApplication" id="sso-sso-ui"/>
    <bean class="org.atricore.idbus.capabilities.sso.ui.WebAppConfig" name="sso-sso-ui-cfg">
        <property name="appName">
            <value>sso-sso-ui</value>
        </property>
        <property name="unitName">
            <value>sso-mediation-unit</value>
        </property>
        <property name="mountPoint">
            <value>IDBUS-UI/SSO/SSO</value>
        </property>
        <property name="brandingId">
            <value>canalplus-ui</value>
        </property>
    </bean>
    <ns4:service ref="sso-sso-ui-cfg" interface="org.atricore.idbus.capabilities.sso.ui.WebAppConfig" id="sso-sso-ui-cfg-osgi"/>
    <ns3:application injectionSource="spring" mountPoint="IDBUS-UI/SSO/OPENID" applicationName="sso-openid-ui" class="org.atricore.idbus.capabilities.openid.ui.internal.OpenIDIdPApplication" id="sso-openid-ui"/>
    <bean class="org.atricore.idbus.capabilities.sso.ui.WebAppConfig" name="sso-openid-ui-cfg">
        <property name="appName">
            <value>sso-openid-ui</value>
        </property>
        <property name="mountPoint">
            <value>IDBUS-UI/SSO/OPENID</value>
        </property>
        <property name="brandingId">
            <value>canalplus-ui</value>
        </property>
    </bean>
    <ns4:service ref="sso-openid-ui-cfg" interface="org.atricore.idbus.capabilities.sso.ui.WebAppConfig" id="sso-openid-ui-cfg-osgi"/>
</beans>
