<?xml version="1.0" encoding="UTF-8" standalone="yes"?>
<beans xmlns="http://www.springframework.org/schema/beans" xmlns:ns2="http://www.springframework.org/schema/context" xmlns:ns3="http://www.ops4j.org/schema/wicket" xmlns:ns4="http://www.springframework.org/schema/osgi" xmlns:ns5="http://www.springframework.org/schema/osgi-compendium" xmlns:ns6="http://www.springframework.org/schema/util" xmlns:ns7="http://www.springframework.org/schema/tool" xmlns:xsi="http://www.w3.org/2001/XMLSchema-instance" xsi:schemaLocation="http://www.springframework.org/schema/beans http://www.springframework.org/schema/beans/spring-beans-3.1.xsd http://www.springframework.org/schema/context http://www.springframework.org/schema/context/spring-context-3.1.xsd http://www.springframework.org/schema/util http://www.springframework.org/schema/util/spring-util-3.1.xsd http://www.springframework.org/schema/osgi http://www.springframework.org/schema/osgi/spring-osgi.xsd http://www.springframework.org/schema/osgi-compendium http://www.springframework.org/schema/osgi-compendium/spring-osgi-compendium.xsd http://www.ops4j.org/schema/wicket http://www.ops4j.org/schema/wicket/wicket.xsd ">
    <description>sso : IdAU OSGi Configuration generated by Atricore Console on 6 May 2016 17:35:17 GMT</description>
    <ns4:reference interface="org.atricore.idbus.kernel.main.util.ConfigurationContext" id="idbus-config"/>
    <ns4:service ref="sso-mediation-unit" interface="org.atricore.idbus.kernel.main.mediation.osgi.OsgiIdentityMediationUnit" id="sso-mediation-unit-exporter"/>
    <ns4:reference timeout="60" cardinality="1..1" interface="org.apache.cxf.Bus" id="cxf"/>
    <ns4:reference timeout="60" cardinality="1..1" interface="org.atricore.idbus.kernel.common.support.jdbc.JDBCDriverManager" id="jdbc-manager"/>
    <ns4:reference timeout="60" cardinality="1..1" interface="org.atricore.idbus.kernel.planning.jbpm.BPMSManager" id="bpms-manager"/>
    <ns4:reference timeout="60" cardinality="1..1" interface="org.atricore.idbus.kernel.main.mediation.MessageQueueManager" id="artifactQueueManager"/>
    <ns4:reference timeout="60" cardinality="1..1" interface="org.atricore.idbus.kernel.main.mediation.IdentityMediationUnitRegistry" id="idsuRegistry"/>
    <ns4:reference timeout="60" cardinality="1..1" interface="org.atricore.idbus.bundles.ehcache.CacheManagerFactory" id="cache-manager-factory"/>
    <ns4:reference timeout="60" cardinality="1..1" interface="org.atricore.idbus.capabilities.sso.main.select.spi.SelectionStrategiesRegistry" id="entity-selection-strategies-registry"/>
    <ns4:reference timeout="60" cardinality="1..1" interface="org.atricore.idbus.kernel.monitoring.core.MonitoringServer" id="monitoring-server"/>
    <ns4:reference timeout="60" cardinality="1..1" interface="org.atricore.idbus.kernel.auditing.core.AuditingServer" id="auditing-server"/>
    <ns4:reference timeout="60" cardinality="1..1" interface="org.atricore.idbus.capabilities.sso.component.container.IdentityFlowContainer" id="identity-flow-container"/>
    <ns4:service ref="sso-reu-pub-claim-endpoint-selection" interface="org.atricore.idbus.capabilities.sso.component.container.IdentityFlowComponent" id="sso-reu-pub-claim-endpoint-selection-exporter"/>
    <ns4:service ref="sso-reu-pub-identity-confirmation-endpoint-selection" interface="org.atricore.idbus.capabilities.sso.component.container.IdentityFlowComponent" id="sso-reu-pub-identity-confirmation-endpoint-selection-exporter"/>
    <ns4:service ref="sso-ant-pub-claim-endpoint-selection" interface="org.atricore.idbus.capabilities.sso.component.container.IdentityFlowComponent" id="sso-ant-pub-claim-endpoint-selection-exporter"/>
    <ns4:service ref="sso-ant-pub-identity-confirmation-endpoint-selection" interface="org.atricore.idbus.capabilities.sso.component.container.IdentityFlowComponent" id="sso-ant-pub-identity-confirmation-endpoint-selection-exporter"/>
    <ns4:service ref="sso-cpgrp-claim-endpoint-selection" interface="org.atricore.idbus.capabilities.sso.component.container.IdentityFlowComponent" id="sso-cpgrp-claim-endpoint-selection-exporter"/>
    <ns4:service ref="sso-cpgrp-identity-confirmation-endpoint-selection" interface="org.atricore.idbus.capabilities.sso.component.container.IdentityFlowComponent" id="sso-cpgrp-identity-confirmation-endpoint-selection-exporter"/>
    <ns4:service ref="sso-cpgrp-pub-claim-endpoint-selection" interface="org.atricore.idbus.capabilities.sso.component.container.IdentityFlowComponent" id="sso-cpgrp-pub-claim-endpoint-selection-exporter"/>
    <ns4:service ref="sso-cpgrp-pub-identity-confirmation-endpoint-selection" interface="org.atricore.idbus.capabilities.sso.component.container.IdentityFlowComponent" id="sso-cpgrp-pub-identity-confirmation-endpoint-selection-exporter"/>
    <ns4:service ref="sso-ant-claim-endpoint-selection" interface="org.atricore.idbus.capabilities.sso.component.container.IdentityFlowComponent" id="sso-ant-claim-endpoint-selection-exporter"/>
    <ns4:service ref="sso-ant-identity-confirmation-endpoint-selection" interface="org.atricore.idbus.capabilities.sso.component.container.IdentityFlowComponent" id="sso-ant-identity-confirmation-endpoint-selection-exporter"/>
    <ns4:service ref="sso-reu-claim-endpoint-selection" interface="org.atricore.idbus.capabilities.sso.component.container.IdentityFlowComponent" id="sso-reu-claim-endpoint-selection-exporter"/>
    <ns4:service ref="sso-reu-identity-confirmation-endpoint-selection" interface="org.atricore.idbus.capabilities.sso.component.container.IdentityFlowComponent" id="sso-reu-identity-confirmation-endpoint-selection-exporter"/>
</beans>
