<?xml version="1.0" encoding="UTF-8" standalone="yes"?>
<beans xmlns="http://www.springframework.org/schema/beans" xmlns:ns2="http://www.springframework.org/schema/context" xmlns:ns3="http://www.ops4j.org/schema/wicket" xmlns:ns4="http://www.springframework.org/schema/osgi" xmlns:ns5="http://www.springframework.org/schema/osgi-compendium" xmlns:ns6="http://www.springframework.org/schema/util" xmlns:ns7="http://www.springframework.org/schema/tool" xmlns:xsi="http://www.w3.org/2001/XMLSchema-instance" xsi:schemaLocation="http://www.springframework.org/schema/beans http://www.springframework.org/schema/beans/spring-beans-3.1.xsd http://www.springframework.org/schema/context http://www.springframework.org/schema/context/spring-context-3.1.xsd http://www.springframework.org/schema/util http://www.springframework.org/schema/util/spring-util-3.1.xsd http://www.springframework.org/schema/osgi http://www.springframework.org/schema/osgi/spring-osgi.xsd http://www.springframework.org/schema/osgi-compendium http://www.springframework.org/schema/osgi-compendium/spring-osgi-compendium.xsd http://www.ops4j.org/schema/wicket http://www.ops4j.org/schema/wicket/wicket.xsd ">
    <description>ant-users : ID Source Configuration generated by Atricore Identity Bus Server on 6 May 2016 17:35:18 GMT</description>
    <bean class="org.atricore.idbus.idojos.ldapidentitystore.LDAPBindIdentityStore" name="ant-users-identity-store">
        <property name="initialContextFactory">
            <value>com.sun.jndi.ldap.LdapCtxFactory</value>
        </property>
        <property name="providerUrl">
            <value>ldap://ANT01PR003731.ant.cos.corp:389</value>
        </property>
        <property name="securityPrincipal">
            <value>COS\SRV-ENNET-LDAP</value>
        </property>
        <property name="securityCredential">
            <value>c@N@lplu$</value>
        </property>
        <property name="securityAuthentication">
            <value>simple</value>
        </property>
        <property name="ldapSearchScope">
            <value>subtree</value>
        </property>
        <property name="includeOperationalAttributes">
            <value>false</value>
        </property>
        <property name="referrals">
            <value/>
        </property>
        <property name="usersCtxDN">
            <value>OU=Users-Accounts,DC=ant,DC=cos,DC=corp</value>
        </property>
        <property name="principalUidAttributeID">
            <value>sAMAccountName</value>
        </property>
        <property name="roleMatchingMode">
            <value>DN</value>
        </property>
        <property name="uidAttributeID">
            <value>member</value>
        </property>
        <property name="rolesCtxDN">
            <value>OU=Groups,DC=ant,DC=cos,DC=corp</value>
        </property>
        <property name="roleAttributeID">
            <value>sAMAccountName</value>
        </property>
        <property name="credentialQueryString">
            <value>uid=username,userPassword=password</value>
        </property>
        <property name="updateableCredentialAttribute">
            <value></value>
        </property>
        <property name="userPropertiesQueryString">
            <value>mail=mail,cn=description,distinguishedName=source</value>
        </property>
        <property name="updatePasswordEnabled">
            <value>false</value>
        </property>
    </bean>
</beans>
