<?xml version="1.0" encoding="UTF-8" standalone="yes"?>
<beans xmlns="http://www.springframework.org/schema/beans" xmlns:ns2="http://www.springframework.org/schema/context" xmlns:ns3="http://www.ops4j.org/schema/wicket" xmlns:ns4="http://www.springframework.org/schema/osgi" xmlns:ns5="http://www.springframework.org/schema/osgi-compendium" xmlns:ns6="http://www.springframework.org/schema/util" xmlns:ns7="http://www.springframework.org/schema/tool" xmlns:xsi="http://www.w3.org/2001/XMLSchema-instance" xsi:schemaLocation="http://www.springframework.org/schema/beans http://www.springframework.org/schema/beans/spring-beans-3.1.xsd http://www.springframework.org/schema/context http://www.springframework.org/schema/context/spring-context-3.1.xsd http://www.springframework.org/schema/util http://www.springframework.org/schema/util/spring-util-3.1.xsd http://www.springframework.org/schema/osgi http://www.springframework.org/schema/osgi/spring-osgi.xsd http://www.springframework.org/schema/osgi-compendium http://www.springframework.org/schema/osgi-compendium/spring-osgi-compendium.xsd http://www.ops4j.org/schema/wicket http://www.ops4j.org/schema/wicket/wicket.xsd ">
    <description>TC2 : BP Configuration generated by Atricore Identity Bus Server on 6 May 2016 17:35:17 GMT </description>
    <bean class="org.atricore.idbus.kernel.main.mediation.provider.BindingProviderImpl" name="tc2">
        <property name="name">
            <value>tc2</value>
        </property>
        <property name="role">
            <value>{urn:org:atricore:idbus:josso:metadata}JOSSOAgentDescriptor</value>
        </property>
        <property name="unitContainer">
            <ref bean="sso-container"/>
        </property>
        <property name="cotManager">
            <ref bean="sso-cot-manager"/>
        </property>
        <property name="stateManager">
            <ref bean="sso-state-manager"/>
        </property>
        <property name="bindingChannel">
            <ref bean="tc2-josso-binding-channel"/>
        </property>
    </bean>
    <bean class="org.atricore.idbus.capabilities.sso.management.internal.BindingProviderMBeanImpl" name="tc2-mbean">
        <property name="bindingProvider">
            <ref bean="tc2"/>
        </property>
    </bean>
    <bean class="org.springframework.jmx.export.MBeanExporter" name="tc2-mbean-exporter">
        <property name="server">
            <ref bean="mBeanServer"/>
        </property>
        <property name="beans">
            <map>
                <entry value-ref="tc2-mbean" key-ref="tc2-mbean-key"/>
            </map>
        </property>
    </bean>
    <bean class="java.lang.String" name="tc2-mbean-key">
        <constructor-arg type="java.lang.String" index="0">
            <value>com.inspheris.sso.idau:type=BindingProvider,name=sso.tc2</value>
        </constructor-arg>
    </bean>
    <bean class="org.atricore.idbus.kernel.main.mediation.binding.BindingChannelImpl" name="tc2-josso-binding-channel">
        <property name="name">
            <value>tc2-josso-binding-channel</value>
        </property>
        <property name="description">
            <value>TC2</value>
        </property>
        <property name="federatedProvider">
            <ref bean="tc2"/>
        </property>
        <property name="location">
            <value>https://en-net2-ppp.canal-bis.com/IDBUS/SSO/TC2</value>
        </property>
        <property name="unitContainer">
            <ref bean="sso-container"/>
        </property>
        <property name="identityMediator">
            <ref bean="tc2-binding-mediator"/>
        </property>
        <property name="endpoints">
            <list>
                <bean class="org.atricore.idbus.kernel.main.mediation.endpoint.IdentityMediationEndpointImpl" name="tc2-binding-ssop-slo-artifact">
                    <property name="name">
                        <value>tc2-binding-ssop-slo-artifact</value>
                    </property>
                    <property name="type">
                        <value>{urn:org:atricore:idbus:sso:metadata}SingleLogoutService</value>
                    </property>
                    <property name="binding">
                        <value>urn:org:atricore:idbus:sso:bindings:HTTP-Artifact</value>
                    </property>
                    <property name="location">
                        <value>/SSO/SLO/ARTIFACT</value>
                    </property>
                </bean>
                <bean class="org.atricore.idbus.kernel.main.mediation.endpoint.IdentityMediationEndpointImpl" name="tc2-binding-ssop-acs-artifact">
                    <property name="name">
                        <value>tc2-binding-ssop-acs-artifact</value>
                    </property>
                    <property name="type">
                        <value>{urn:org:atricore:idbus:sso:metadata}AssertionConsumerService</value>
                    </property>
                    <property name="binding">
                        <value>urn:org:atricore:idbus:sso:bindings:HTTP-Artifact</value>
                    </property>
                    <property name="location">
                        <value>/SSO/ACS/ARTIFACT</value>
                    </property>
                </bean>
                <bean class="org.atricore.idbus.kernel.main.mediation.endpoint.IdentityMediationEndpointImpl" name="tc2-binding-josso-sso-redir">
                    <property name="name">
                        <value>tc2-binding-josso-sso-redir</value>
                    </property>
                    <property name="type">
                        <value>{urn:org:atricore:idbus:capabilities:josso:services}SingleSignOnService</value>
                    </property>
                    <property name="binding">
                        <value>urn:org:atricore:idbus:sso:bindings:HTTP-Redirect</value>
                    </property>
                    <property name="location">
                        <value>/JOSSO/SSO/REDIR</value>
                    </property>
                </bean>
                <bean class="org.atricore.idbus.kernel.main.mediation.endpoint.IdentityMediationEndpointImpl" name="tc2-binding-josso-slo-redir">
                    <property name="name">
                        <value>tc2-binding-josso-slo-redir</value>
                    </property>
                    <property name="type">
                        <value>{urn:org:atricore:idbus:capabilities:josso:services}SingleLogoutService</value>
                    </property>
                    <property name="binding">
                        <value>urn:org:atricore:idbus:sso:bindings:HTTP-Redirect</value>
                    </property>
                    <property name="location">
                        <value>/JOSSO/SLO/REDIR</value>
                    </property>
                </bean>
                <bean class="org.atricore.idbus.kernel.main.mediation.endpoint.IdentityMediationEndpointImpl" name="tc2-binding-josso-ssoidm-soap">
                    <property name="name">
                        <value>tc2-binding-josso-ssoidm-soap</value>
                    </property>
                    <property name="type">
                        <value>{urn:org:atricore:idbus:capabilities:josso:services}SSOIdentityManager</value>
                    </property>
                    <property name="binding">
                        <value>urn:org:atricore:idbus:capabilities:josso:bindings:SOAP</value>
                    </property>
                    <property name="location">
                        <value>/JOSSO/SSOIdentityManager/SOAP</value>
                    </property>
                </bean>
                <bean class="org.atricore.idbus.kernel.main.mediation.endpoint.IdentityMediationEndpointImpl" name="tc2-binding-josso-ssoidp-soap">
                    <property name="name">
                        <value>tc2-binding-josso-ssoidp-soap</value>
                    </property>
                    <property name="type">
                        <value>{urn:org:atricore:idbus:capabilities:josso:services}SSOIdentityProvider</value>
                    </property>
                    <property name="binding">
                        <value>urn:org:atricore:idbus:capabilities:josso:bindings:SOAP</value>
                    </property>
                    <property name="location">
                        <value>/JOSSO/SSOIdentityProvider/SOAP</value>
                    </property>
                </bean>
                <bean class="org.atricore.idbus.kernel.main.mediation.endpoint.IdentityMediationEndpointImpl" name="tc2-binding-josso-ssosm-soap">
                    <property name="name">
                        <value>tc2-binding-josso-ssosm-soap</value>
                    </property>
                    <property name="type">
                        <value>{urn:org:atricore:idbus:capabilities:josso:services}SSOSessionManager</value>
                    </property>
                    <property name="binding">
                        <value>urn:org:atricore:idbus:capabilities:josso:bindings:SOAP</value>
                    </property>
                    <property name="location">
                        <value>/JOSSO/SSOSessionManager/SOAP</value>
                    </property>
                </bean>
            </list>
        </property>
    </bean>
    <bean class="org.atricore.idbus.capabilities.josso.main.JossoMediator" name="tc2-binding-mediator">
        <property name="logMessages">
            <value>true</value>
        </property>
        <property name="bindingFactory">
            <bean class="org.atricore.idbus.capabilities.josso.main.binding.JossoBindingFactory"/>
        </property>
        <property name="artifactQueueManager">
            <ref bean="artifactQueueManager"/>
        </property>
        <property name="errorUrl">
            <value>http://en-net2-ppp.cpgrp.root.local:8082/IDBUS-UI/SSO/SSO/ERROR</value>
        </property>
        <property name="warningUrl">
            <value>http://en-net2-ppp.cpgrp.root.local:8082/IDBUS-UI/SSO/SSO/WARN/POLICY-ENFORCEMENT</value>
        </property>
        <property name="logger">
            <bean class="org.atricore.idbus.kernel.main.mediation.camel.logging.DefaultMediationLogger" name="tc2-mediation-logger">
                <property name="category">
                    <value>com.inspheris.sso.wire.tc2</value>
                </property>
                <property name="messageBuilders">
                    <list>
                        <bean class="org.atricore.idbus.capabilities.josso.main.binding.logging.JossoLogMessageBuilder"/>
                        <bean class="org.atricore.idbus.kernel.main.mediation.camel.component.logging.CamelLogMessageBuilder"/>
                        <bean class="org.atricore.idbus.kernel.main.mediation.camel.component.logging.HttpLogMessageBuilder"/>
                    </list>
                </property>
            </bean>
        </property>
        <property name="partnerAppMappings">
            <map>
                <entry>
                    <key>
                        <value>sp2</value>
                    </key>
                    <bean class="org.atricore.idbus.capabilities.josso.main.PartnerAppMapping" name="tc2-app2-partnerapp-mapping">
                        <property name="partnerAppId">
                            <value>sp2</value>
                        </property>
                        <property name="spAlias">
                            <value>https://en-net2-ppp.canal-bis.com/IDBUS/SSO/SP2/SAML2/MD</value>
                        </property>
                        <property name="partnerAppSLO">
                            <value>https://en-net2-ppp.canal-bis.com/</value>
                        </property>
                        <property name="partnerAppACS">
                            <value>https://en-net2-ppp.canal-bis.com/josso_security_check</value>
                        </property>
                    </bean>
                </entry>
            </map>
        </property>
    </bean>
</beans>
