<?xml version="1.0" encoding="UTF-8" standalone="yes"?>
<beans xmlns="http://www.springframework.org/schema/beans" xmlns:ns2="http://www.springframework.org/schema/context" xmlns:ns3="http://www.ops4j.org/schema/wicket" xmlns:ns4="http://www.springframework.org/schema/osgi" xmlns:ns5="http://www.springframework.org/schema/osgi-compendium" xmlns:ns6="http://www.springframework.org/schema/util" xmlns:ns7="http://www.springframework.org/schema/tool" xmlns:xsi="http://www.w3.org/2001/XMLSchema-instance" xsi:schemaLocation="http://www.springframework.org/schema/beans http://www.springframework.org/schema/beans/spring-beans-3.1.xsd http://www.springframework.org/schema/context http://www.springframework.org/schema/context/spring-context-3.1.xsd http://www.springframework.org/schema/util http://www.springframework.org/schema/util/spring-util-3.1.xsd http://www.springframework.org/schema/osgi http://www.springframework.org/schema/osgi/spring-osgi.xsd http://www.springframework.org/schema/osgi-compendium http://www.springframework.org/schema/osgi-compendium/spring-osgi-compendium.xsd http://www.ops4j.org/schema/wicket http://www.ops4j.org/schema/wicket/wicket.xsd ">
    <description>cpgrp-pub : IdP UI Configuration generated by Atricore Identity Bus Server on 6 May 2016 17:35:19 GMT</description>
    <ns3:application injectionSource="spring" mountPoint="IDBUS-UI/SSO/CPGRP-PUB/SSO" applicationName="sso-cpgrp-pub-sso-ui" class="org.atricore.idbus.capabilities.sso.ui.internal.SSOIdPApplication" id="sso-cpgrp-pub-sso-ui"/>
    <bean class="org.atricore.idbus.capabilities.sso.ui.WebAppConfig" name="sso-cpgrp-pub-sso-ui-cfg">
        <property name="appName">
            <value>sso-cpgrp-pub-sso-ui</value>
        </property>
        <property name="mountPoint">
            <value>IDBUS-UI/SSO/CPGRP-PUB/SSO</value>
        </property>
        <property name="brandingId">
            <value>canalplus-ui</value>
        </property>
        <property name="unitName">
            <value>sso-mediation-unit</value>
        </property>
        <property name="idpName">
            <value>cpgrp-pub</value>
        </property>
    </bean>
    <ns4:service ref="sso-cpgrp-pub-sso-ui-cfg" interface="org.atricore.idbus.capabilities.sso.ui.WebAppConfig" id="sso-cpgrp-pub-sso-ui-cfg-osgi"/>
    <ns3:application injectionSource="spring" mountPoint="IDBUS-UI/SSO/CPGRP-PUB/IDCONF" applicationName="sso-cpgrp-pub-idconf-ui" class="org.atricore.idbus.capabilities.idconfirmation.ui.internal.IdentityConfirmationApplication" id="sso-cpgrp-pub-idconf-ui"/>
    <bean class="org.atricore.idbus.capabilities.sso.ui.WebAppConfig" name="sso-cpgrp-pub-idconf-ui-cfg">
        <property name="appName">
            <value>sso-cpgrp-pub-idconf-ui</value>
        </property>
        <property name="mountPoint">
            <value>IDBUS-UI/SSO/CPGRP-PUB/IDCONF</value>
        </property>
        <property name="brandingId">
            <value>canalplus-ui</value>
        </property>
        <property name="unitName">
            <value>sso-mediation-unit</value>
        </property>
        <property name="idpName">
            <value>cpgrp-pub</value>
        </property>
    </bean>
    <ns4:service ref="sso-cpgrp-pub-idconf-ui-cfg" interface="org.atricore.idbus.capabilities.sso.ui.WebAppConfig" id="sso-cpgrp-pub-idconf-ui-cfg-osgi"/>
</beans>
